RUBRO_ID;RUBRO_NOMBRE;CODIGO_CLAE
1;Varios;
2;Cultivo de arroz;11111
3;Cultivo de trigo;11112
4;Cultivo de cereales n.c.p., excepto los de uso forrajero;11119
5;Cultivo de maíz;11121
6;Cultivo de cereales de uso forrajero n.c.p.;11129
7;Cultivo de pastos de uso forrajero;11130
8;Cultivo de soja;11211
9;Cultivo de girasol;11291
10;Cultivo de oleaginosas n.c.p. excepto soja y girasol;11299
11;Cultivo de papa, batata y mandioca;11310
12;Cultivo de tomate;11321
13;Cultivo de bulbos, brotes, raíces y hortalizas de fruto n.c.p.;11329
14;Cultivo de hortalizas de hoja y de otras hortalizas frescas;11331
15;Cultivo de legumbres frescas;11341
16;Cultivo de legumbres secas;11342
17;Cultivo de tabaco;11400
18;Cultivo de algodón;11501
19;Cultivo de plantas para la obtención de fibras n.c.p.;11509
20;Cultivo de flores;11911
21;Cultivo de plantas ornamentales;11912
22;Cultivos temporales n.c.p.;11990
23;Cultivo de vid para vinificar;12110
24;Cultivo de uva de mesa;12121
25;Cultivo de frutas cítricas;12200
26;Cultivo de manzana y pera;12311
27;Cultivo de frutas de pepita n.c.p.;12319
28;Cultivo de frutas de carozo;12320
29;Cultivo de frutas tropicales y subtropicales;12410
30;Cultivo de frutas secas;12420
31;Cultivo de frutas n.c.p.;12490
32;Cultivo de caña de azúcar;12510
33;Cultivo de plantas sacaríferas n.c.p.;12590
34;Cultivo de frutos oleaginosos;12600
35;Cultivo de yerba mate;12701
36;Cultivo de té y otras plantas cuyas hojas se utilizan para preparar infusiones;12709
37;Cultivo de especias y de plantas aromáticas y medicinales;12800
38;Cultivos perennes n.c.p.;12900
39;Producción de semillas híbridas de cereales y oleaginosas;13011
40;Producción de semillas varietales o autofecundadas de cereales, oleaginosas, y forrajeras;13012
41;Producción de semillas de hortalizas y legumbres, flores y plantas ornamentales y árboles frutales;13013
42;Producción de semillas de cultivos agrícolas n.c.p.;13019
43;Producción de otras formas de propagación de cultivos agrícolas;13020
44;Cría de ganado bovino, excepto la realizada en cabañas y para la producción de leche;14113
45;Invernada  de ganado bovino excepto el engorde en corrales (Feed-Lot);14114
46;Engorde en corrales (Feed-Lot);14115
47;Cría de ganado bovino realizada en cabañas;14121
48;Cría de ganado equino, excepto la realizada en haras;14211
49;Cría de camélidos;14300
50;Cría de ganado ovino -excepto en cabañas y para la  producción de lana y leche;14410
51;Cría de ganado ovino realizada en cabañas;14420
52;Cría de ganado caprino -excepto la realizada en cabañas y para producción de pelos y de leche;14430
53;Cría de ganado caprino realizada en cabañas;14440
54;Cría de ganado porcino, excepto la realizada en cabañas;14510
55;Cría de ganado porcino realizado en cabañas;14520
56;Producción de leche bovina;14610
57;Producción de leche de oveja y de cabra;14620
58;Producción de lana y pelo de oveja y cabra (cruda);14710
59;Producción de pelos de ganado n.c.p.;14720
60;Cría de aves de corral, excepto para la producción de huevos;14810
61;Producción de huevos;14820
62;Apicultura;14910
63;Cunicultura;14920
64;Cría de animales pelíferos, pilíferos y plumíferos, excepto de las especies ganaderas;14930
65;Cría de animales y obtención de productos de origen animal, n.c.p.;14990
66;Servicios de labranza, siembra, transplante  y  cuidados culturales;16111
67;Servicios de pulverización, desinfección y fumigación terrestre;16112
68;Servicios de pulverización, desinfección y fumigación aérea;16113
69;Servicios de maquinaria agrícola n.c.p., excepto los de cosecha mecánica;16119
70;Servicios de cosecha mecánica;16120
71;Servicios de contratistas de mano de obra agrícola;16130
72;Servicios de post cosecha;16140
73;Servicios de procesamiento de semillas para su siembra;16150
74;Servicios de apoyo agrícolas n.c.p;16190
75;Inseminación artificial y servicios n.c.p. para mejorar la reproducción de los animales y el rendimiento de sus productos;16210
76;Servicios de contratistas de mano de obra pecuaria;16220
77;Servicios de esquila de animales;16230
78;Servicios para el control de plagas, baños parasiticidas, etc.;16291
79;Albergue y cuidado de  animales de terceros;16292
80;Servicios de apoyo pecuarios n.c.p.;16299
81;Caza y repoblación  de animales de caza;17010
82;Servicios de apoyo para la caza;17020
83;Plantación de bosques;21010
84;Repoblación y conservación de bosques nativos y zonas forestadas;21020
85;Explotación de viveros forestales;21030
86;Extracción de productos forestales de bosques cultivados;22010
87;Extracción de productos forestales de bosques nativos;22020
88;Servicios forestales para la extracción de madera;24010
89;Servicios forestales excepto los servicios para la extracción de madera;24020
90;Pesca de organismos marinos, excepto cuando es realizada en buques procesadores;31110
91;Pesca y elaboración de productos marinos realizada a bordo de buques procesadores;31120
92;Recolección de organismos marinos excepto peces, crustáceos y moluscos;31130
93;Pesca continental: fluvial y lacustre;31200
94;Servicios de apoyo para la pesca;31300
95;Explotación de criaderos de peces, granjas piscícolas y otros frutos acuáticos  (acuicultura);32000
96;Extracción y aglomeración de carbón;51000
97;Extracción y aglomeración de lignito;52000
98;Extracción de petróleo crudo;61000
99;Extracción de gas natural;62000
100;Extracción de minerales de hierro;71000
101;Extracción de minerales y concentrados de uranio y torio;72100
102;Extracción de metales preciosos;72910
103;Extracción de minerales metalíferos no ferrosos n.c.p., excepto minerales de uranio y torio;72990
104;Extracción de rocas ornamentales;81100
105;Extracción de piedra caliza y yeso;81200
106;Extracción de arenas, canto rodado y triturados pétreos;81300
107;Extracción de arcilla y caolín;81400
108;Extracción de minerales para la fabricación de abonos excepto turba;89110
109;Extracción de minerales para la fabricación de productos químicos;89120
110;Extracción y aglomeración de turba;89200
111;Extracción de sal;89300
112;Explotación de minas y canteras n.c.p.;89900
113;Servicios de apoyo para la extracción de petróleo y gas natural;91000
114;Servicios de apoyo para la minería, excepto para la extracción de petróleo y gas natual;99000
115;Matanza de ganado bovino;101011
116;Procesamiento de carne de ganado bovino;101012
117;Saladero y peladero de cueros de ganado bovino;101013
118;Producción y procesamiento de carne de aves;101020
119;Elaboración de fiambres y embutidos;101030
120;Matanza de ganado excepto el bovino y procesamiento de su carne;101040
121;Fabricación de aceites y grasas de origen animal;101091
122;Matanza de animales n.c.p. y procesamiento de su carne, elaboración de subproductos cárnicos n.c.p.;101099
123;Elaboración de pescados de mar, crustáceos y  productos marinos;102001
124;Elaboración de pescados de ríos y lagunas y otros productos fluviales y lacustres;102002
125;Fabricación de aceites, grasas, harinas y productos a base de pescados;102003
126;Preparación de conservas de frutas, hortalizas y legumbres;103011
127;Elaboración y envasado de dulces, mermeladas y jaleas;103012
128;Elaboración de jugos naturales y sus concentrados, de frutas, hortalizas y legumbres;103020
129;Elaboración de frutas, hortalizas y legumbres congeladas;103030
130;Elaboración de hortalizas y legumbres deshidratadas o desecadas, preparación n.c.p. de hortalizas y legumbres;103091
131;Elaboración de frutas deshidratadas o desecadas, preparación n.c.p. de frutas;103099
132;Elaboración de aceites y grasas vegetales  sin refinar;104011
133;Elaboración de aceite de oliva;104012
134;Elaboración de aceites y grasas vegetales refinados;104013
135;Elaboración de margarinas y grasas vegetales comestibles similares;104020
136;Elaboración de leches y productos lácteos deshidratados;105010
137;Elaboración de quesos;105020
138;Elaboración industrial de helados;105030
139;Elaboración de productos lácteos n.c.p.;105090
140;Molienda de trigo;106110
141;Preparación de arroz;106120
142;Elaboración de alimentos a base de cereales;106131
143;Preparación y molienda de legumbres y cereales n.c.p., excepto trigo y arroz y molienda húmeda de maíz;106139
144;Elaboración de almidones y productos derivados del almidón, molienda húmeda de maíz;106200
145;Elaboración de galletitas y bizcochos;107110
146;Elaboración industrial de productos de panadería, excepto galletitas y bizcochos;107121
147;Elaboración de productos de panadería n.c.p.;107129
148;Elaboración de azúcar;107200
149;Elaboración de cacao y chocolate;107301
150;Elaboración de productos de confitería n.c.p.;107309
151;Elaboración de pastas alimentarias frescas;107410
152;Elaboración de pastas alimentarias secas;107420
153;Elaboración de comidas preparadas para reventa;107500
154;Tostado, torrado y molienda de café;107911
155;Elaboración y molienda de hierbas aromáticas y  especias;107912
156;Preparación de hojas de té;107920
157;Elaboración de yerba mate;107930
158;Elaboración de extractos, jarabes y concentrados;107991
159;Elaboración de vinagres;107992
160;Elaboración de productos alimenticios n.c.p.;107999
161;Elaboración de alimentos preparados para animales;108000
162;Servicios industriales para la elaboración de alimentos y bebidas;109000
163;Destilación, rectificación y mezcla de bebidas espiritosas;110100
164;Elaboración de mosto;110211
165;Elaboración de vinos;110212
166;Elaboración de sidra y otras bebidas alcohólicas fermentadas;110290
167;Elaboración de cerveza, bebidas malteadas y malta;110300
168;Embotellado de aguas naturales y minerales;110411
169;Fabricación de sodas;110412
170;Elaboración de bebidas gaseosas, excepto soda;110420
171;Elaboración de hielo;110491
172;Elaboración de bebidas no alcohólicas n.c.p.;110492
173;Preparación de hojas de tabaco;120010
174;Elaboración de cigarrillos;120091
175;Elaboración de productos de tabaco n.c.p.;120099
176;Preparación de fibras textiles vegetales, desmotado de algodón;131110
177;Preparación de fibras animales de uso textil;131120
178;Fabricación de hilados textiles de lana, pelos y sus mezclas;131131
179;Fabricación de hilados textiles de algodón y sus mezclas;131132
180;Fabricación de hilados textiles n.c.p., excepto de lana  y de algodón;131139
181;Fabricación de tejidos (telas) planos de lana y sus mezclas, incluye hilanderías y tejedurías integradas;131201
182;Fabricación de tejidos (telas) planos de algodón y sus mezclas, incluye hilanderías y tejedurías integradas;131202
183;Fabricación de tejidos (telas) planos de fibras textiles n.c.p., incluye hilanderías y tejedurías integradas;131209
184;Acabado de productos textiles;131300
185;Fabricación de tejidos de punto;139100
186;Fabricación de frazadas, mantas, ponchos, colchas, cobertores, etc.;139201
187;Fabricación de ropa de cama y mantelería;139202
188;Fabricación de artículos de lona y sucedáneos de lona;139203
189;Fabricación de bolsas de materiales textiles para productos a granel;139204
190;Fabricación de artículos confeccionados de materiales textiles n.c.p., excepto prendas de vestir;139209
191;Fabricación de tapices y alfombras;139300
192;Fabricación de cuerdas, cordeles, bramantes y redes;139400
193;Fabricación de productos textiles n.c.p.;139900
194;Confección de ropa interior, prendas para dormir y para la playa;141110
195;Confección de ropa de trabajo, uniformes y guardapolvos;141120
196;Confección de prendas de vestir para bebés y niños;141130
197;Confección de prendas deportivas;141140
198;Fabricación de accesorios de vestir excepto de cuero;141191
199;Confección de prendas de vestir n.c.p., excepto prendas de piel, cuero y de punto;141199
200;Fabricación de accesorios de vestir de cuero;141201
201;Confección de prendas de vestir de cuero;141202
202;Terminación y teñido de pieles, fabricación de artículos de piel;142000
203;Fabricación de medias;143010
204;Fabricación de prendas de vestir y artículos similares de punto;143020
205;Servicios industriales para la industria confeccionista;149000
206;Curtido y terminación de cueros;151100
207;Fabricación de maletas, bolsos de mano y similares, artículos de talabartería y artículos de cuero n.c.p.;151200
208;Fabricación de calzado de cuero, excepto calzado deportivo y ortopédico;152011
209;Fabricación de calzado de materiales n.c.p., excepto calzado deportivo y ortopédico;152021
210;Fabricación de calzado deportivo;152031
211;Fabricación de partes de calzado;152040
212;Aserrado y cepillado de madera  nativa;161001
213;Aserrado y cepillado de madera implantada;161002
214;Fabricación de hojas de madera para enchapado, fabricación de tableros contrachapados, tableros laminados, tableros de partículas y tableros y paneles n.c.p.;162100
215;Fabricación de aberturas y estructuras de madera para la construcción;162201
216;Fabricación de viviendas prefabricadas de madera;162202
217;Fabricación de recipientes de madera;162300
218;Fabricación de ataúdes;162901
219;Fabricación de artículos de madera en tornerías;162902
220;Fabricación de productos de corcho;162903
221;Fabricación de productos de madera n.c.p, fabricación de artículos de paja y materiales trenzables;162909
222;Fabricación de pasta de madera;170101
223;Fabricación de papel y cartón excepto envases;170102
224;Fabricación de papel ondulado y envases de papel;170201
225;Fabricación de cartón ondulado y envases de cartón;170202
226;Fabricación de artículos de papel y cartón de uso doméstico e higiénico sanitario;170910
227;Fabricación de artículos de papel y cartón n.c.p.;170990
228;Impresión de diarios y revistas;181101
229;Impresión n.c.p., excepto de diarios y revistas;181109
230;Servicios relacionados con la impresión;181200
231;Reproducción de grabaciones;182000
232;Fabricación de productos de hornos de coque;191000
233;Fabricación de productos de la refinación del petróleo;192000
234;Fabricación de gases industriales y medicinales comprimidos o licuados;201110
235;Fabricación de curtientes naturales y sintéticos;201120
236;Fabricación de materias colorantes básicas, excepto pigmentos preparados;201130
237;Fabricación de combustible nuclear, sustancias y materiales radiactivos;201140
238;Fabricación de materias químicas inorgánicas básicas n.c.p.;201180
239;Fabricación de materias químicas orgánicas básicas n.c.p.;201190
240;Fabricación de alcohol;201210
241;Fabricación de biocombustibles excepto alcohol;201220
242;Fabricación de abonos y compuestos de nitrógeno;201300
243;Fabricación de resinas y cauchos sintéticos;201401
244;Fabricación de materias plásticas en formas primarias n.c.p.;201409
245;Fabricación de insecticidas, plaguicidas y  productos químicos de uso agropecuario;202101
246;Fabricación de pinturas, barnices y productos de revestimiento similares, tintas de imprenta y masillas;202200
247;Fabricación de preparados para limpieza, pulido y saneamiento;202311
248;Fabricación de jabones y detergentes;202312
249;Fabricación de cosméticos, perfumes y  productos de higiene y tocador;202320
250;Fabricación de explosivos y productos de pirotecnia;202906
251;Fabricación de colas, adhesivos, aprestos y cementos excepto los odontológicos obtenidos de sustancias minerales y vegetales;202907
252;Fabricación de productos químicos n.c.p.;202908
253;Fabricación de fibras manufacturadas;203000
254;Servicios industriales para la fabricación de sustancias y productos químicos;204000
255;Fabricación de medicamentos de uso humano y productos farmacéuticos;210010
256;Fabricación de medicamentos de uso veterinario;210020
257;Fabricación de sustancias químicas para la elaboración de medicamentos;210030
258;Fabricación de productos de laboratorio y productos botánicos de uso farmaceútico n.c.p.;210090
259;Fabricación de cubiertas y cámaras;221110
260;Recauchutado y renovación de cubiertas;221120
261;Fabricación de  autopartes de caucho excepto cámaras y cubiertas;221901
262;Fabricación  de productos de caucho n.c.p.;221909
263;Fabricación de envases plásticos;222010
264;Fabricación de productos plásticos en formas básicas y artículos de plástico n.c.p., excepto muebles;222090
265;Fabricación de envases de vidrio;231010
266;Fabricación y elaboración de vidrio plano;231020
267;Fabricación de productos de vidrio n.c.p.;231090
268;Fabricación de productos de cerámica refractaria;239100
269;Fabricación de ladrillos;239201
270;Fabricación de revestimientos cerámicos;239202
271;Fabricación de productos de arcilla y cerámica no refractaria para uso estructural n.c.p.;239209
272;Fabricación de artículos sanitarios de cerámica;239310
273;Fabricación de objetos cerámicos para uso doméstico excepto artefactos sanitarios;239391
274;Fabricación de artículos de cerámica no refractaria para uso no estructural n.c.p.;239399
275;Elaboración de cemento;239410
276;Elaboración de  yeso;239421
277;Elaboración de cal;239422
278;Fabricación de mosaicos;239510
279;Elaboración de hormigón;239591
280;Fabricación de premoldeadas para la construcción;239592
281;Fabricación de artículos de cemento, fibrocemento y yeso excepto hormigón y mosaicos;239593
282;Corte, tallado y acabado de la piedra;239600
283;Fabricación de productos minerales no metálicos n.c.p.;239900
284;Laminación y estirado. Producción de lingotes, planchas o barras fabricadas por operadores independientes;241001
285;Fabricación en industrias básicas de productos de hierro y acero n.c.p.;241009
286;Elaboración de aluminio primario y semielaborados de aluminio;242010
287;Fabricación de productos primarios de metales preciosos y metales no ferrosos n.c.p. y sus semielaborados;242090
288;Fundición de hierro y acero;243100
289;Fundición de metales no ferrosos;243200
290;Fabricación de carpintería metálica;251101
291;Fabricación de productos metálicos para uso estructural;251102
292;Fabricación de tanques, depósitos y recipientes de metal;251200
293;Fabricación de generadores de vapor;251300
294;Fabricación de armas y municiones;252000
295;Forjado, prensado, estampado y laminado de metales, pulvimetalurgia;259100
296;Tratamiento y revestimiento de metales y trabajos de metales en general;259200
297;Fabricación de herramientas manuales y sus accesorios;259301
298;Fabricación de artículos de cuchillería y utensillos de mesa y de cocina;259302
299;Fabricación de cerraduras, herrajes y artículos de ferretería n.c.p.;259309
300;Fabricación de envases metálicos;259910
301;Fabricación de tejidos de alambre;259991
302;Fabricación de cajas de seguridad;259992
303;Fabricación de productos metálicos de tornería y/o matricería;259993
304;Fabricación de productos elaborados de metal n.c.p.;259999
305;Fabricación de componentes electrónicos;261000
306;Fabricación de equipos y productos informáticos;262000
307;Fabricación  de equipos de comunicaciones y transmisores de radio y televisión;263000
308;Fabricación de receptores de radio y televisión, aparatos de grabación y reproducción de sonido y video, y productos conexos;264000
309;Fabricación de instrumentos y aparatos para medir, verificar, ensayar, navegar y otros fines, excepto el equipo de control de procesos industriales;265101
310;Fabricación de equipo de control de procesos industriales;265102
311;Fabricación de relojes;265200
312;Fabricación de equipo médico y quirúrgico y de aparatos ortopédicos principalmente electrónicos y/o eléctricos;266010
313;Fabricación de equipo médico y quirúrgico y de aparatos ortopédicos n.c.p.;266090
314;Fabricación de equipamiento e instrumentos ópticos y sus accesorios;267001
315;Fabricación de aparatos y accesorios para fotografía excepto películas, placas y papeles sensibles;267002
316;Fabricación de soportes ópticos y magnéticos;268000
317;Fabricación de motores, generadores y transformadores eléctricos;271010
318;Fabricación de aparatos de distribución y control de la energía eléctrica;271020
319;Fabricación de acumuladores, pilas y baterías primarias;272000
320;Fabricación de cables de fibra óptica;273110
321;Fabricación de hilos y cables aislados n.c.p.;273190
322;Fabricación de lámparas eléctricas y equipo de iluminación;274000
323;Fabricación de cocinas, calefones, estufas y calefactores no eléctricos;275010
324;"Fabricación de heladeras, ""freezers"", lavarropas y secarropas";275020
325;Fabricación de ventiladores, extractores de aire, aspiradoras y similares;275091
326;Fabricación de planchas, calefactores, hornos eléctricos, tostadoras y otros aparatos generadores de calor;275092
327;Fabricación de aparatos de uso doméstico n.c.p.;275099
328;Fabricación  de equipo eléctrico n.c.p.;279000
329;Fabricación  de  motores  y  turbinas,  excepto  motores  para aeronaves, vehículos automotores   y motocicletas;281100
330;Fabricación de bombas;281201
331;Fabricación de compresores, grifos y válvulas;281301
332;Fabricación de cojinetes, engranajes, trenes de engranaje y piezas de transmisión;281400
333;Fabricación de hornos, hogares y quemadores;281500
334;Fabricación de maquinaria y equipo de elevación y manipulación;281600
335;Fabricación de maquinaria y equipo de oficina, excepto equipo informático;281700
336;Fabricación de  maquinaria y equipo de uso general n.c.p.;281900
337;Fabricación de tractores;282110
338;Fabricación de maquinaria y equipo de uso agropecuario y forestal;282120
339;Fabricación de implementos de uso agropecuario;282130
340;Fabricación de máquinas herramienta;282200
341;Fabricación de maquinaria metalúrgica;282300
342;Fabricación de maquinaria para la explotación de minas y canteras y para obras de construcción;282400
343;Fabricación de maquinaria para la elaboración de alimentos, bebidas y tabaco;282500
344;Fabricación de maquinaria para la elaboración de productos textiles, prendas de vestir y cueros;282600
345;Fabricación de maquinaria para la industria del papel y las artes gráficas;282901
346;Fabricación de maquinaria y equipo de uso especial n.c.p.;282909
347;Fabricación de vehículos automotores;291000
348;Fabricación de carrocerías para vehículos automotores, fabricación de remolques y semirremolques;292000
349;Rectificación de motores;293011
350;Fabricación de partes, piezas y accesorios para vehículos automotores y sus motores n.c.p.;293090
351;Construcción y reparación de buques;301100
352;Construcción y reparación de embarcaciones de recreo y deporte;301200
353;Fabricación y reparación de locomotoras y de material rodante para transporte ferroviario;302000
354;Fabricación y reparación de aeronaves;303000
355;Fabricación de motocicletas;309100
356;Fabricación de bicicletas y de sillones de ruedas ortopédicos;309200
357;Fabricación de equipo de transporte n.c.p.;309900
358;Fabricación de muebles y partes de muebles, principalmente de madera;310010
359;Fabricación de muebles y partes de muebles, excepto los que son principalmente de madera (metal, plástico, etc.);310020
360;Fabricación de somieres y colchones;310030
361;Fabricación de joyas finas y artículos conexos;321011
362;Fabricación de objetos de platería;321012
363;Fabricación de bijouterie;321020
364;Fabricación de instrumentos de música;322001
365;Fabricación de artículos de deporte;323001
366;Fabricación de juegos y juguetes;324000
367;Fabricación de lápices, lapiceras,  bolígrafos, sellos y artículos similares para oficinas y artistas;329010
368;Fabricación de escobas, cepillos y pinceles;329020
369;Fabricación de carteles, señales e indicadores  -eléctricos o no-;329030
370;Fabricación de equipo de protección y seguridad, excepto calzado;329040
371;Industrias manufactureras n.c.p.;329090
372;Reparación y mantenimiento de productos de metal, excepto maquinaria y equipo;331101
373;Reparación y mantenimiento de maquinaria de uso general;331210
374;Reparación y mantenimiento de maquinaria y equipo de uso agropecuario y forestal;331220
375;Reparación y mantenimiento de maquinaria de uso especial n.c.p.;331290
376;Reparación y mantenimiento de maquinaria y aparatos eléctricos;331400
377;Reparación y mantenimiento de máquinas y equipo n.c.p.;331900
378;Instalación de maquinaria y equipos industriales;332000
379;Generación de energía térmica convencional;351110
380;Generación de energía térmica nuclear;351120
381;Generación de energía hidráulica;351130
382;Generación de energía n.c.p.;351190
383;Transporte de energía eléctrica;351201
384;Comercio mayorista de energía eléctrica;351310
385;Distribución de energía eléctrica;351320
386;Fabricación de gas y procesamiento de gas natural;352010
387;Distribución de combustibles gaseosos por tuberías;352020
388;Suministro de vapor y aire acondicionado;353001
389;Captación, depuración y distribución de agua de fuentes subterráneas;360010
390;Captación, depuración y distribución de agua de fuentes superficiales;360020
391;Servicios de depuración de aguas residuales, alcantarillado y cloacas;370000
392;Recolección, transporte, tratamiento y disposición final de residuos no peligrosos;381100
393;Recolección, transporte, tratamiento y disposición final de residuos peligrosos;381200
394;Recuperación de materiales y desechos metálicos;382010
395;Recuperación de materiales y desechos no metálicos;382020
396;Descontaminación y otros servicios de gestión de residuos;390000
397;Construcción, reforma y reparación de edificios residenciales;410011
398;Construcción, reforma y reparación de edificios no residenciales;410021
399;Construcción, reforma y reparación de obras de infraestructura para el transporte;421000
400;Perforación de pozos de agua;422100
401;Construcción, reforma y reparación de redes distribución de electricidad, gas, agua, telecomunicaciones y de otros servicios públicos;422200
402;Construcción, reforma y reparación de obras hidráulicas;429010
403;Construcción de obras de ingeniería civil n.c.p.;429090
404;Demolición y voladura de edificios y de sus partes;431100
405;Movimiento de suelos y preparación de terrenos para obras;431210
406;Instalación de sistemas de iluminación, control y señalización eléctrica para el transporte;432110
407;Instalación, ejecución y mantenimiento de instalaciones eléctricas, electromecánicas y electrónicas n.c.p.;432190
408;Instalaciones de gas, agua, sanitarios y de climatización, con sus artefactos conexos;432200
409;Instalaciones de ascensores, montacargas y  escaleras mecánicas;432910
410;Aislamiento térmico, acústico, hídrico y antivibratorio;432920
411;Instalaciones para edificios y obras de ingeniería civil n.c.p.;432990
412;Instalaciones de carpintería, herrería de obra y artística;433010
413;Terminación y revestimiento de paredes y pisos;433020
414;Colocación de cristales en obra;433030
415;Pintura y trabajos de decoración;433040
416;Terminación de edificios n.c.p.;433090
417;Alquiler de equipo de construcción o demolición dotado de operarios;439100
418;Hincado de pilotes, cimentación y otros trabajos de hormigón armado;439910
419;Actividades especializadas de construcción n.c.p.;439990
420;Venta de autos, camionetas y utilitarios nuevos;451110
421;Venta de vehículos automotores nuevos n.c.p.;451190
422;Venta de autos, camionetas y utilitarios, usados;451210
423;Venta de vehículos automotores usados n.c.p.;451290
424;Lavado automático y manual de vehículos automotores;452101
425;Reparación de cámaras y cubiertas;452210
426;Reparación de amortiguadores,  alineación de dirección y balanceo de ruedas;452220
427;Instalación y reparación de parabrisas, lunetas y ventanillas, cerraduras no eléctricas y grabado de cristales;452300
428;Reparaciones eléctricas del tablero e instrumental, reparación y recarga de baterías, instalación de alarmas, radios, sistemas de climatización;452401
429;Tapizado y retapizado de automotores;452500
430;Reparación y pintura de carrocerías, colocación y reparación de guardabarros y protecciones exteriores;452600
431;Instalación y reparación de caños de escape y radiadores;452700
432;Mantenimiento y reparación de frenos y embragues;452800
433;Instalación y reparación de equipos de GNC;452910
434;Mantenimiento y reparación del motor n.c.p., mecánica integral;452990
435;Venta al por mayor de partes, piezas y accesorios de vehículos automotores;453100
436;Venta al por menor de cámaras y cubiertas;453210
437;Venta al por menor de baterías;453220
438;Venta al por menor de partes, piezas y accesorios nuevos n.c.p.;453291
439;Venta al por menor de partes, piezas y accesorios usados n.c.p.;453292
440;Venta de motocicletas y de sus partes, piezas y accesorios;454010
441;Mantenimiento y reparación de motocicletas;454020
442;Venta al por mayor en comisión o consignación de cereales (incluye arroz), oleaginosas y forrajeras excepto semillas;461011
443;Venta al por mayor en comisión o consignación de semillas;461012
444;Venta al por mayor en comisión o consignación de frutas;461013
445;Acopio y acondicionamiento en comisión o consignación de cereales (incluye arroz), oleaginosas y forrajeras excepto semillas;461014
446;Venta al por mayor en comisión o consignación de productos agrícolas n.c.p.;461019
447;Venta al por mayor en comisión o consignación de ganado bovino en pie;461021
448;Venta al por mayor en comisión o consignación de ganado en pie excepto bovino;461022
449;Venta al por mayor en comisión o consignación de productos pecuarios n.c.p.;461029
450;Operaciones de intermediación de carne - consignatario directo -;461031
451;Operaciones de intermediación de carne excepto consignatario directo;461032
452;Venta al por mayor en comisión o consignación de alimentos, bebidas y tabaco n.c.p.;461039
453;Venta al por mayor en comisión o consignación de combustibles;461040
454;Venta al por mayor en comisión o consignación de  madera y materiales para la construcción;461092
455;Venta al por mayor en comisión o consignación de minerales, metales y productos químicos industriales;461093
456;Venta al por mayor en comisión o consignación de  maquinaria, equipo profesional industrial y comercial, embarcaciones y aeronaves;461094
457;Venta al por mayor en comisión o consignación de papel, cartón, libros, revistas, diarios, materiales de embalaje y artículos de librería;461095
458;Venta al por mayor en comisión o consignación de  mercaderías n.c.p.;461099
459;Acopio de algodón;462110
460;Venta al por mayor de semillas y granos para forrajes;462120
461;Venta al por mayor de cereales (incluye arroz), oleaginosas y forrajeras excepto semillas;462131
462;Acopio y acondicionamiento de cereales y semillas, excepto de algodón y semillas y granos para forrajes;462132
463;Venta al por mayor de materias primas agrícolas y de la silvicultura n.c.p.;462190
464;Venta al por mayor de lanas, cueros en bruto y productos afines;462201
465;Venta al por mayor de materias primas pecuarias n.c.p. incluso animales vivos;462209
466;Venta al por mayor de productos lácteos;463111
467;Venta al por mayor de fiambres y quesos;463112
468;Venta al por mayor de carnes rojas y derivados;463121
469;Venta al por mayor de aves, huevos y productos de granja y de la caza n.c.p.;463129
470;Venta al por mayor de pescado;463130
471;Venta al por mayor y empaque de frutas, de legumbres y hortalizas frescas;463140
472;Venta al por mayor de pan, productos de confitería y pastas frescas;463151
473;Venta al por mayor de azúcar;463152
474;Venta al por mayor de aceites y grasas;463153
475;Venta al por mayor de café, té, yerba mate y otras infusiones y especias y condimentos;463154
476;Venta al por mayor de productos y subproductos de molinería n.c.p.;463159
477;Venta al por mayor de chocolates, golosinas y productos para kioscos y polirrubros n.c.p., excepto cigarrillos;463160
478;Venta al por mayor de alimentos balanceados para animales;463170
479;Venta al por mayor en supermercados mayoristas de alimentos;463180
480;Venta al por mayor de frutas, legumbres y cereales secos y en conserva;463191
481;Venta al por mayor de productos alimenticios n.c.p.;463199
482;Venta al por mayor de vino;463211
483;Venta al por mayor de bebidas espiritosas;463212
484;Venta al por mayor de bebidas alcohólicas n.c.p.;463219
485;Venta al por mayor de bebidas no alcohólicas;463220
486;Venta al por mayor de cigarrillos y productos de tabaco;463300
487;Venta al por mayor de tejidos (telas);464111
488;Venta al por mayor de artículos de mercería;464112
489;Venta al por mayor de mantelería, ropa de cama y artículos textiles para el hogar;464113
490;Venta al por mayor de tapices y alfombras de materiales textiles;464114
491;Venta al por mayor de productos textiles n.c.p.;464119
492;Venta al por mayor de prendas de vestir de cuero;464121
493;Venta al por mayor de medias y prendas de punto;464122
494;Venta al por mayor de prendas y accesorios de vestir n.c.p., excepto uniformes y ropa de trabajo;464129
495;Venta al por mayor de calzado excepto el ortopédico;464130
496;Venta al por mayor de pieles y cueros curtidos y salados;464141
497;Venta al por mayor de suelas y afines;464142
498;Venta al por mayor de artículos de marroquinería,  paraguas y productos similares n.c.p.;464149
499;Venta al por mayor de uniformes y ropa de trabajo;464150
500;Venta al por mayor de libros y publicaciones;464211
501;Venta al por mayor de diarios y revistas;464212
502;Venta al por mayor de papel y productos de papel y cartón excepto envases;464221
503;Venta al por mayor de envases de papel y cartón;464222
504;Venta al por mayor de artículos de librería y papelería;464223
505;Venta al por mayor de productos farmacéuticos;464310
506;Venta al por mayor de productos cosméticos, de tocador y de perfumería;464320
507;Venta al por mayor de instrumental médico y odontológico y artículos ortopédicos;464330
508;Venta al por mayor de productos veterinarios;464340
509;Venta al por mayor de artículos de óptica y de fotografía;464410
510;Venta al por mayor de artículos de relojería, joyería y fantasías;464420
511;Venta al por mayor de electrodomésticos y artefactos para el hogar excepto equipos de audio y video;464501
512;Venta al por mayor de equipos de audio, video y televisión;464502
513;Venta al por mayor de muebles excepto de oficina, artículos de mimbre y corcho, colchones y somieres;464610
514;Venta al por mayor de artículos de iluminación;464620
515;Venta al por mayor de artículos de vidrio;464631
516;Venta al por mayor de artículos de bazar y menaje excepto de vidrio;464632
517;Venta al por mayor de materiales y productos de limpieza;464920
518;Venta al por mayor de juguetes;464930
519;Venta al por mayor de bicicletas y rodados similares;464940
520;Venta al por mayor de artículos de esparcimiento y deportes;464950
521;Venta al por mayor de flores y plantas naturales y artificiales;464991
522;Venta al por mayor de artículos de uso doméstico o personal n.c.p;464999
523;Venta al por mayor de equipos, periféricos, accesorios y programas informáticos;465100
524;Venta al por mayor de equipos de telefonía y comunicaciones;465210
525;Venta al por mayor de componentes electrónicos;465220
526;Venta al por mayor de máquinas, equipos e implementos de uso en los sectores agropecuario, jardinería, silvicultura, pesca y caza;465310
527;Venta al por mayor de máquinas, equipos e implementos de uso en la elaboración de alimentos, bebidas y tabaco;465320
528;Venta al por mayor de máquinas, equipos e implementos de uso en la fabricación de textiles, prendas y accesorios de vestir, calzado, artículos de cuero y marroquinería;465330
529;Venta al por mayor de máquinas, equipos e implementos de uso en imprentas, artes gráficas y actividades conexas;465340
530;Venta al por mayor de máquinas, equipos e implementos de uso médico y paramédico;465350
531;Venta al por mayor de máquinas, equipos e implementos de uso en la industria del plástico y del caucho;465360
532;Venta al por mayor de máquinas, equipos e implementos de uso especial n.c.p.;465390
533;Venta al por mayor de máquinas - herramienta de uso general;465400
534;Venta  al  por  mayor  de  vehículos,  equipos  y  máquinas  para  el transporte ferroviario, aéreo y de navegación;465500
535;Venta al por mayor de muebles e instalaciones para oficinas;465610
536;Venta al por mayor de muebles e instalaciones para la industria, el comercio y los servicios n.c.p.;465690
537;Venta al por mayor de máquinas y equipo de control y seguridad;465910
538;Venta al por mayor de maquinaria y equipo de oficina, excepto equipo informático;465920
539;Venta al por mayor de equipo profesional y científico e instrumentos de medida y de control n.c.p.;465930
540;Venta al por mayor de máquinas, equipo y materiales conexos n.c.p.;465990
541;Venta al por mayor de combustibles y lubricantes para automotores;466110
542;Fraccionamiento y distribución de gas licuado;466121
543;Venta al por mayor de combustibles, lubricantes, leña y carbón, excepto gas licuado y combustibles y lubricantes para automotores;466129
544;Venta al por mayor de metales y minerales metalíferos;466200
545;Venta al por mayor de aberturas;466310
546;Venta al por mayor de productos de madera excepto muebles;466320
547;Venta al por mayor de artículos de ferretería y materiales eléctricos;466330
548;Venta al por mayor de pinturas y productos conexos;466340
549;Venta al por mayor de cristales y espejos;466350
550;Venta al por mayor de artículos para plomería, instalación de gas y calefacción;466360
551;Venta al por mayor de papeles para pared, revestimiento para pisos de goma, plástico y textiles,  y artículos similares para la decoración;466370
552;Venta al por mayor de artículos de loza, cerámica y porcelana de uso en construcción;466391
553;Venta al por mayor de artículos para la construcción n.c.p.;466399
554;Venta al por mayor de productos intermedios n.c.p., desperdicios y desechos textiles;466910
555;Venta al por mayor de productos intermedios n.c.p., desperdicios y desechos de papel y cartón;466920
556;Venta al por mayor de artículos de plástico;466931
557;Venta al por mayor de abonos, fertilizantes y plaguicidas;466932
558;Venta al por mayor de productos intermedios, desperdicios y desechos de vidrio, caucho, goma y químicos n.c.p.;466939
559;Venta al por mayor de productos intermedios n.c.p., desperdicios y desechos metálicos;466940
560;Venta al por mayor de productos intermedios, desperdicios y desechos n.c.p.;466990
561;Venta al por mayor de insumos agropecuarios diversos;469010
562;Venta al por mayor de mercancías n.c.p.;469090
563;Venta al por menor en hipermercados;471110
564;Venta al por menor en supermercados;471120
565;Venta al por menor en minimercados;471130
566;Venta al por menor en kioscos, polirrubros y comercios no especializados n.c.p.;471190
567;Venta al por menor en comercios no especializados, sin predominio de productos alimenticios y bebidas;471900
568;Venta al por menor de productos lácteos;472111
569;Venta al por menor de fiambres y embutidos;472112
570;Venta al por menor de productos de almacén y dietética;472120
571;Venta al por menor de carnes rojas, menudencias y chacinados frescos;472130
572;Venta al por menor de huevos, carne de aves y  productos de granja y de la caza;472140
573;Venta al por menor de pescados y  productos de la pesca;472150
574;Venta al por menor de frutas, legumbres y hortalizas frescas;472160
575;Venta al por menor de pan y productos de panadería;472171
576;Venta al por menor de bombones, golosinas y demás productos de confitería;472172
577;Venta al por menor de productos alimenticios n.c.p., en comercios especializados;472190
578;Venta al por menor de bebidas en comercios especializados;472200
579;Venta al por menor de tabaco en comercios especializados;472300
580;Venta al por menor de combustible para vehículos automotores y motocicletas;473000
581;Venta al por menor de equipos, periféricos,  accesorios y programas informáticos;474010
582;Venta al por menor de aparatos de telefonía y comunicación;474020
583;Venta al por menor de hilados, tejidos y artículos de mercería;475110
584;Venta al por menor de confecciones para el hogar;475120
585;Venta al por menor de artículos textiles n.c.p. excepto prendas de vestir;475190
586;Venta al por menor de aberturas;475210
587;Venta al por menor de maderas y artículos de madera  y corcho, excepto muebles;475220
588;Venta al por menor de artículos de ferretería y materiales eléctricos;475230
589;Venta al por menor de pinturas y productos conexos;475240
590;Venta al por menor de artículos para plomería e instalación de gas;475250
591;Venta al por menor de cristales, espejos, mamparas y cerramientos;475260
592;Venta al por menor de papeles para pared, revestimientos para pisos y artículos similares para la decoración;475270
593;Venta al por menor de materiales de construcción n.c.p.;475290
594;Venta al por menor  de electrodomésticos, artefactos para el hogar y equipos de audio y video;475300
595;Venta al por menor de muebles para el hogar, artículos de mimbre y corcho;475410
596;Venta al por menor de colchones y somieres;475420
597;Venta al por menor de artículos de iluminación;475430
598;Venta al por menor de artículos de bazar y menaje;475440
599;Venta al por menor de artículos para el hogar n.c.p.;475490
600;Venta al por menor de libros;476110
601;Venta al por menor de diarios y revistas;476120
602;Venta al por menor de papel, cartón, materiales de embalaje y artículos de librería;476130
603;Venta al por menor de equipos  y artículos deportivos;476310
604;Venta al por menor de armas, artículos para la caza y pesca;476320
605;Venta al por menor de juguetes, artículos de cotillón y juegos de mesa;476400
606;Venta al por menor de ropa interior, medias, prendas para dormir y para la playa;477110
607;Venta al por menor de uniformes escolares y guardapolvos;477120
608;Venta al por menor de indumentaria para bebés y niños;477130
609;Venta al por menor de indumentaria deportiva;477140
610;Venta al por menor de prendas de cuero;477150
611;Venta al por menor de prendas y accesorios de vestir n.c.p.;477190
612;Venta al por menor de artículos de talabartería y artículos regionales;477210
613;Venta al por menor de calzado, excepto el ortopédico y el deportivo;477220
614;Venta al por menor de calzado deportivo;477230
615;Venta al por menor de artículos de marroquinería, paraguas y similares n.c.p.;477290
616;Venta al por menor de productos farmacéuticos y de herboristería;477310
617;Venta al por menor de productos cosméticos, de tocador y de perfumería;477320
618;Venta al por menor de instrumental médico y odontológico y artículos ortopédicos;477330
619;Venta al por menor de artículos de óptica y fotografía;477410
620;Venta al por menor de artículos de relojería y joyería;477420
621;Venta al por menor de bijouterie y fantasía;477430
622;Venta al por menor de flores, plantas, semillas, abonos, fertilizantes y otros productos de vivero;477440
623;Venta al por menor de materiales y productos de limpieza;477450
624;Venta al por menor de fuel oil, gas en garrafas, carbón y leña;477460
625;Venta al por menor de productos veterinarios, animales domésticos y alimento balanceado para mascotas;477470
626;Venta al por menor de obras de arte;477480
627;Venta al por menor de artículos nuevos n.c.p.;477490
628;Venta al por menor de muebles usados;477810
629;Venta al por menor de libros, revistas y similares usados;477820
630;Venta al por menor de antigÃ¼edades;477830
631;Venta al por menor de oro, monedas, sellos y similares;477840
632;Venta al por menor de artículos usados n.c.p. excepto+E1155 automotores y motocicletas;477890
633;Venta al por menor de alimentos, bebidas y tabaco en puestos móviles y mercados;478010
634;Venta al por menor de productos n.c.p. en puestos móviles y mercados;478090
635;Venta al por menor por internet;479101
636;Venta al por menor por correo, televisión y otros medios de comunicación n.c.p.;479109
637;Venta al por menor no realizada en establecimientos  n.c.p.;479900
638;Servicio de transporte ferroviario urbano y suburbano de pasajeros;491110
639;Servicio de transporte ferroviario interurbano de pasajeros;491120
640;Servicio de transporte ferroviario de cargas;491200
641;Servicio de transporte automotor urbano y suburbano regular de pasajeros;492110
642;Servicios de transporte automotor de pasajeros mediante taxis y remises, alquiler de autos con chofer;492120
643;Servicio de transporte escolar;492130
644;Servicio de transporte automotor urbano y suburbano no regular de pasajeros de oferta libre,  excepto mediante taxis y remises, alquiler de autos con chofer y transporte escolar;492140
645;Servicio de transporte automotor interurbano regular de pasajeros, E1203excepto transporte internacional;492150
646;Servicio de transporte automotor interurbano no regular de pasajeros;492160
647;Servicio de transporte automotor internacional de pasajeros;492170
648;Servicio de transporte automotor turístico de pasajeros;492180
649;Servicio de transporte automotor de pasajeros n.c.p.;492190
650;Servicios de mudanza;492210
651;Servicio de transporte automotor de cereales;492221
652;Servicio de transporte automotor de mercaderías a granel n.c.p.;492229
653;Servicio de transporte automotor de animales;492230
654;Servicio de transporte por camión cisterna;492240
655;Servicio de transporte automotor de mercaderías y sustancias peligrosas;492250
656;Servicio de transporte automotor urbano de carga n.c.p.;492280
657;Servicio de transporte automotor de cargas n.c.p.;492290
658;Servicio de transporte por oleoductos;493110
659;Servicio de transporte por poliductos y fueloductos;493120
660;Servicio de transporte por gasoductos;493200
661;Servicio de transporte marítimo de pasajeros;501100
662;Servicio de transporte marítimo de carga;501200
663;Servicio de transporte fluvial y lacustre de pasajeros;502101
664;Servicio de transporte fluvial y lacustre de carga;502200
665;Servicio de transporte aéreo de pasajeros;511000
666;Servicio de transporte aéreo de cargas;512000
667;Servicios de manipulación de carga en el ámbito terrestre;521010
668;Servicios de manipulación de carga en el ámbito portuario;521020
669;Servicios de manipulación de carga en el ámbito aéreo;521030
670;Servicios de almacenamiento y depósito en silos;522010
671;Servicios de almacenamiento y depósito en cámaras frigoríficas;522020
672;Servicios de usuarios directos de zona franca;522091
673;Servicios de gestión de depósitos fiscales;522092
674;Servicios de almacenamiento y depósito n.c.p.;522099
675;Servicios de gestión aduanera realizados por despachantes de aduana;523011
676;Servicios de gestión aduanera para el transporte de mercaderías n.c.p.;523019
677;Servicios de agencias marítimas para el transporte de mercaderías;523020
678;Servicios de gestión de agentes de transporte aduanero excepto agencias marítimas;523031
679;Servicios de operadores logísticos seguros (OLS) en el ámbito aduanero;523032
680;Servicios de operadores logísticos n.c.p.;523039
681;Servicios de gestión y logística para el transporte de mercaderías n.c.p.;523090
682;Servicios de explotación de infraestructura para el transporte terrestre, peajes y otros derechos;524110
683;Servicios  de playas de estacionamiento y garajes;524120
684;Servicios de estaciones terminales de ómnibus y ferroviárias;524130
685;Servicios complementarios para el transporte terrestre n.c.p.;524190
686;Servicios de explotación de infraestructura para el transporte marítimo, derechos de puerto;524210
687;Servicios de guarderías náuticas;524220
688;Servicios para la navegación;524230
689;Servicios complementarios para el transporte marítimo n.c.p.;524290
690;Servicios de explotación de infraestructura para el transporte aéreo, derechos de aeropuerto;524310
691;Servicios de hangares y estacionamiento de aeronaves;524320
692;Servicios para la aeronavegación;524330
693;Servicios complementarios para el transporte aéreo n.c.p.;524390
694;Servicio de correo postal;530010
695;Servicios de mensajerías.;530090
696;Servicios de alojamiento por hora;551010
697;Servicios de alojamiento en pensiones;551021
698;Servicios de alojamiento en hoteles, hosterías y residenciales similares, excepto por hora, que incluyen servicio de restaurante al público;551022
699;Servicios de alojamiento en hoteles, hosterías y residenciales similares, excepto por hora, que no incluyen servicio de restaurante al público;551023
700;Servicios de hospedaje temporal n.c.p.;551090
701;Servicios de alojamiento en campings;552000
702;Servicios de restaurantes y cantinas sin espectáculo;561011
703;Servicios de restaurantes y cantinas con espectáculo;561012
704;"Servicios de ""fast food"" y locales de venta de comidas y bebidas al paso";561013
705;Servicios de expendio de bebidas en bares;561014
706;Servicios de expendio de comidas y bebidas en establecimientos con servicio de mesa y/o en mostrador n.c.p.;561019
707;Servicios de preparación de comidas para llevar;561020
708;Servicio de expendio de helados;561030
709;Servicios de preparación de comidas realizadas por/para vendedores ambulantes.;561040
710;Servicios de preparación de comidas para empresas y eventos;562010
711;Servicios de cantinas con atención exclusiva  a los empleados o estudiantes dentro de empresas o establecimientos educativos.;562091
712;Servicios de comidas n.c.p.;562099
713;Edición de libros, folletos, y otras publicaciones;581100
714;Edición de directorios y listas de correos;581200
715;Edición de periódicos, revistas y publicaciones periódicas;581300
716;Edición n.c.p.;581900
717;Producción de filmes y videocintas;591110
718;Postproducción de filmes y videocintas;591120
719;Distribución de filmes y videocintas;591200
720;Exhibición de filmes y videocintas;591300
721;Servicios de grabación de sonido y edición de música;592000
722;Emisión y retransmisión de radio;601000
723;Emisión y retransmisión  de televisión abierta;602100
724;Operadores de televisión por suscripción.;602200
725;Emisión de señales de televisión por suscripción;602310
726;Producción de programas de televisión;602320
727;Servicios de televisión n.c.p;602900
728;Servicios de locutorios;611010
729;Servicios de telefonía fija, excepto locutorios;611090
730;Servicios de telefonía móvil;612000
731;Servicios de telecomunicaciones vía satélite, excepto servicios de transmisión de televisión;613000
732;Servicios de proveedores de acceso a internet;614010
733;Servicios de telecomunicación vía internet n.c.p.;614090
734;Servicios de telecomunicaciones n.c.p.;619000
735;Servicios de consultores en informática y suministros de programas de informática;620100
736;Servicios de consultores en equipo de informática;620200
737;Servicios de consultores en tecnología de la información;620300
738;Servicios de informática n.c.p.;620900
739;Procesamiento de datos;631110
740;Hospedaje de datos;631120
741;Actividades conexas al procesamiento y hospedaje de datos n.c.p.;631190
742;Portales web;631200
743;Agencias de noticias;639100
744;Servicios de información n.c.p.;639900
745;Servicios de la banca central;641100
746;Servicios de la banca mayorista;641910
747;Servicios de la banca de inversión;641920
748;Servicios de la banca minorista;641930
749;Servicios de intermediación financiera realizada por las compañías financieras;641941
750;Servicios de intermediación financiera realizada por sociedades de ahorro y préstamo para la vivienda y otros inmuebles;641942
751;Servicios de intermediación financiera realizada por cajas de crédito;641943
752;Servicios de sociedades de cartera;642000
753;Servicios de fideicomisos;643001
754;Fondos y sociedades de inversión y entidades financieras similares n.c.p.;643009
755;Arrendamiento financiero, leasing;649100
756;Actividades de crédito para financiar otras actividades económicas;649210
757;Servicios de entidades de tarjeta de compra y/o crédito;649220
758;Servicios de crédito n.c.p.;649290
759;"Servicios de agentes de mercado abierto ""puros""";649910
760;Servicios de socios inversores en sociedades regulares según Ley 19.550 - S.R.L., S.C.A, etc, excepto socios inversores en sociedades anónimas incluidos en 649999 -;649991
761;Servicios de financiación y actividades financieras n.c.p.;649999
762;Servicios de seguros de salud;651110
763;Servicios de seguros de vida;651120
764;Servicios de seguros personales excepto  los de salud y de vida;651130
765;Servicios de aseguradoras de riesgo de trabajo (ART);651210
766;Servicios de seguros patrimoniales excepto los de las aseguradoras de riesgo de trabajo (ART);651220
767;Obras Sociales;651310
768;Servicios de cajas de previsión social pertenecientes a asociaciones profesionales;651320
769;Reaseguros;652000
770;Administración de fondos de pensiones, excepto la seguridad social obligatoria;653000
771;Servicios de mercados y cajas de valores;661111
772;Servicios de mercados a término;661121
773;Servicios de bolsas de comercio;661131
774;Servicios bursátiles de mediación o por cuenta de terceros;661910
775;Servicios de casas y agencias de cambio;661920
776;Servicios de sociedades calificadoras de riesgos financieros;661930
777;Servicios de envio y recepción de fondos desde y hacia el exterior;661991
778;Servicios de administradoras de vales y tickets;661992
779;Servicios auxiliares a la intermediación financiera n.c.p.;661999
780;Servicios de evaluación de riesgos y daños;662010
781;Servicios de productores  y asesores de seguros;662020
782;Servicios auxiliares a los servicios de seguros n.c.p.;662090
783;Servicios de gestión de fondos a cambio de una retribución o por contrata;663000
784;Servicios de alquiler y explotación de inmuebles para fiestas, convenciones y otros eventos similares;681010
785;Servicios de alquiler  de consultorios médicos;681020
786;Servicios inmobiliarios realizados por cuenta propia, con bienes urbanos propios o arrendados n.c.p.;681098
787;Servicios inmobiliarios realizados por cuenta propia, con bienes rurales propios o arrendados n.c.p.;681099
788;Servicios de administración de consorcios de edificios;682010
789;Servicios prestados por inmobiliarias;682091
790;Servicios inmobiliarios realizados a cambio de una retribución o por contrata n.c.p.;682099
791;Servicios jurídicos;691001
792;Servicios  notariales;691002
793;Servicios de contabilidad, auditoría y asesoría fiscal;692000
794;Servicios de gerenciamiento de empresas e instituciones de salud, servicios de auditoria y medicina legal, servicio de asesoramiento farmacéutico;702010
795;Servicios de asesoramiento, dirección y gestión empresarial realizados por integrantes de los órganos de administración y/o fiscalización en sociedades anónimas;702091
796;Servicios de asesoramiento, dirección y gestión empresarial realizados por integrantes de cuerpos de dirección en sociedades excepto las anónimas;702092
797;Servicios de asesoramiento, dirección y gestión empresarial n.c.p.;702099
798;Servicios relacionados con la construcción.;711001
799;Servicios geológicos y de prospección;711002
800;Servicios relacionados con la electrónica y las comunicaciones;711003
801;Servicios de arquitectura e ingeniería y servicios conexos de asesoramiento técnico n.c.p.;711009
802;Ensayos y análisis técnicos;712000
803;Investigación  y desarrollo experimental en el campo de la ingeniería y la tecnología;721010
804;Investigación  y desarrollo experimental en el campo de las ciencias médicas;721020
805;Investigación  y desarrollo experimental en el campo de las ciencias agropecuarias;721030
806;Investigación y desarrollo experimental en el campo de las ciencias exactas y naturales n.c.p.;721090
807;Investigación  y desarrollo experimental en el campo de las ciencias sociales;722010
808;Investigación  y desarrollo experimental en el campo de las ciencias humanas;722020
809;Servicios de comercialización de tiempo y espacio publicitario;731001
810;Servicios de publicidad n.c.p.;731009
811;Estudio de mercado, realización de encuestas de opinión pública;732000
812;Servicios de diseño especializado;741000
813;Servicios de fotografía;742000
814;Servicios de traducción e interpretación;749001
815;Servicios de representación e intermediación de artistas y modelos;749002
816;Servicios de representación e intermediación de deportistas profesionales;749003
817;Actividades profesionales, científicas y técnicas n.c.p.;749009
818;Servicios veterinarios;750000
819;Alquiler de automóviles sin conductor;771110
820;Alquiler de vehículos automotores n.c.p., sin conductor ni operarios;771190
821;Alquiler de equipo de transporte para vía acuática, sin operarios ni tripulación;771210
822;Alquiler de equipo de transporte para vía aérea, sin operarios ni tripulación;771220
823;Alquiler de equipo de transporte n.c.p. sin conductor ni operarios;771290
824;Alquiler de videos y video juegos;772010
825;Alquiler de prendas de vestir;772091
826;Alquiler de efectos personales y enseres domésticos n.c.p.;772099
827;Alquiler de maquinaria y equipo agropecuario y forestal, sin operarios;773010
828;Alquiler de maquinaria y equipo para la minería, sin operarios;773020
829;Alquiler de maquinaria y equipo de construcción e ingeniería civil, sin operarios;773030
830;Alquiler de maquinaria y equipo de oficina, incluso computadoras;773040
831;Alquiler de maquinaria y equipo n.c.p., sin personal;773090
832;Arrendamiento y gestión de bienes intangibles no financieros;774000
833;Obtención y dotación de personal;780000
834;Servicios minoristas de agencias de viajes;791100
835;Servicios mayoristas de agencias de viajes;791200
836;Servicios de turismo aventura;791901
837;Servicios complementarios de apoyo turístico n.c.p.;791909
838;Servicios de transporte de caudales y objetos de valor;801010
839;Servicios de sistemas de seguridad;801020
840;Servicios de seguridad e investigación n.c.p.;801090
841;Servicio combinado de apoyo a edificios;811000
842;Servicios de limpieza general de edificios;812010
843;Servicios de desinfección y exterminio de plagas en el ámbito urbano;812020
844;Servicios de limpieza n.c.p.;812090
845;Servicios de jardinería y mantenimiento de espacios verdes;813000
846;Servicios combinados de gestión administrativa de oficinas;821100
847;Servicios de fotocopiado, preparación de documentos y otros servicios de apoyo de oficina;821900
848;Servicios de call center;822000
849;Servicios de organización de convenciones y exposiciones comerciales, excepto culturales y deportivos;823000
850;Servicios de agencias de cobro y calificación crediticia;829100
851;Servicios de envase y empaque;829200
852;Servicios empresariales n.c.p.;829900
853;Servicios generales de la Administración Pública;841100
854;Servicios para la regulación de las actividades sanitarias, educativas, culturales, y restantes servicios sociales, excepto seguridad social obligatoria;841200
855;Servicios para la regulación de la actividad económica;841300
856;Servicios auxiliares para los servicios generales de la Administración Pública;841900
857;Servicios de asuntos exteriores;842100
858;Servicios de defensa;842200
859;Servicios para el orden público y la seguridad;842300
860;Servicios de justicia;842400
861;Servicios de protección civil;842500
862;Servicios de la seguridad social obligatoria, excepto obras sociales;843000
863;Guarderías y jardines maternales;851010
864;Enseñanza inicial, jardín de infantes y primaria;851020
865;Enseñanza secundaria de formación general;852100
866;Enseñanza secundaria de formación técnica y profesional;852200
867;Enseñanza  terciaria;853100
868;Enseñanza universitaria excepto formación de posgrado;853201
869;Formación de posgrado;853300
870;Enseñanza de idiomas;854910
871;Enseñanza de cursos relacionados con informática;854920
872;Enseñanza para adultos, excepto discapacitados;854930
873;Enseñanza especial y para discapacitados;854940
874;Enseñanza de gimnasia, deportes y actividades físicas;854950
875;Enseñanza artística;854960
876;Servicios de enseñanza n.c.p.;854990
877;Servicios de apoyo a la educación;855000
878;Servicios de internación excepto instituciones relacionadas con la salud mental;861010
879;Servicios de internación en instituciones relacionadas con la salud mental;861020
880;Servicios de  consulta médica;862110
881;Servicios de proveedores de atención médica domiciliaria;862120
882;Servicios de atención médica en dispensarios, salitas, vacunatorios y otros locales de atención primaria de la salud;862130
883;Servicios odontológicos;862200
884;Servicios de prácticas de diagnóstico en laboratorios;863110
885;Servicios de prácticas de diagnóstico por imágenes;863120
886;Servicios de prácticas de diagnóstico n.c.p.;863190
887;Servicios de tratamiento;863200
888;Servicio médico integrado de consulta, diagnóstico y tratamiento;863300
889;Servicios de emergencias y traslados;864000
890;Servicios de rehabilitación física;869010
891;Servicios relacionados con la salud humana n.c.p.;869090
892;Servicios de atención a personas con problemas de salud mental o de adicciones, con alojamiento;870100
893;Servicios de atención a ancianos con alojamiento;870210
894;Servicios de atención a personas minusválidas con alojamiento;870220
895;Servicios de atención a niños y adolescentes carenciados con alojamiento;870910
896;Servicios de atención a mujeres con alojamiento;870920
897;Servicios sociales con alojamiento n.c.p.;870990
898;Servicios sociales sin alojamiento;880000
899;Producción de espectáculos teatrales y musicales;900011
900;Composición y representación de obras teatrales, musicales y artísticas;900021
901;Servicios conexos a la producción de espectáculos teatrales y musicales;900030
902;Servicios de agencias de ventas de entradas;900040
903;Servicios de espectáculos artísticos n.c.p.;900091
904;Servicios de bibliotecas y archivos;910100
905;Servicios de museos y preservación de lugares y edificios históricos;910200
906;Servicios de jardines botánicos, zoológicos y de parques nacionales;910300
907;Servicios culturales n.c.p.;910900
908;Servicios de recepción de apuestas de quiniela, lotería y similares;920001
909;Servicios relacionados con juegos de azar y apuestas n.c.p.;920009
910;Servicios de organización, dirección y gestión de prácticas deportivas en clubes;931010
911;Explotación de instalaciones deportivas, excepto clubes;931020
912;Promoción y producción de espectáculos deportivos;931030
913;Servicios prestados por deportistas y atletas para la realización de prácticas deportivas;931041
914;Servicios prestados por profesionales y técnicos para la realización de prácticas deportivas;931042
915;Servicios de acondicionamiento físico;931050
916;Servicios para la práctica deportiva n.c.p.;931090
917;Servicios de parques de diversiones y parques temáticos;939010
918;Servicios de salones de juegos;939020
919;Servicios de salones de baile, discotecas y similares;939030
920;Servicios de entretenimiento n.c.p.;939090
921;Servicios de organizaciones empresariales y de empleadores;941100
922;Servicios de organizaciones profesionales;941200
923;Servicios de sindicatos;942000
924;Servicios de organizaciones religiosas;949100
925;Servicios de organizaciones políticas;949200
926;Servicios de mutuales, excepto mutuales de salud y financieras;949910
927;Servicios de consorcios de edificios;949920
928;Servicios de cooperativas cuando realizan varias actividades;949930
929;Servicios de asociaciones n.c.p.;949990
930;Reparación y mantenimiento de equipos informáticos;951100
931;Reparación y mantenimiento de equipos de telefonía y de comunicación;951200
932;Reparación de calzado y artículos de marroquinería;952200
933;Reparación de tapizados y muebles;952300
934;Reforma y reparación de cerraduras, duplicación de llaves. Cerrajerías;952910
935;Reparación de relojes y joyas. Relojerías;952920
936;Reparación de efectos personales y enseres domésticos n.c.p.;952990
937;Servicios de limpieza de prendas prestado por tintorerías rápidas;960101
938;Lavado y limpieza de artículos de tela, cuero y/o de piel, incluso la limpieza en seco;960102
939;Servicios de peluquería;960201
940;Servicios de tratamiento de belleza, excepto los de peluquería;960202
941;Pompas fúnebres y servicios conexos;960300
942;Servicios de centros de estética, spa y similares;960910
943;Servicios personales n.c.p.;960990
944;Servicios de hogares privados que contratan servicio doméstico;970000
945;Servicios de organizaciones y órganos extraterritoriales;990000
946;Reparación de artículos eléctricos y electrónicos de uso doméstico;952100
947;Venta al por menor de CDs y DVDs de audio y video grabados;476200
948;Venta al por mayor de CDs y DVDs de audio y video grabados.;464910
949;Venta al por mayor en comisión o consignación de prod. textiles, prendas de vestir, calzado excepto el ortopédico, art.de marroquinería, paraguas y similares y prod.de cuero n.c.p;461091
950;Perforación y sondeo, excepto perforación de pozos de petróleo, de gas, de minas e hidráulicos  y prospección de yacimientos de petróleo;431220
951;Reparación y mantenimiento de instrumentos médicos,ópticos y de precisión,equipo fotográfico,aparatos para medir,ensayar o navegar,relojes,excepto para uso personal o doméstico;331301
952;Cría de ganado equino realizada en haras;14221
953;Jubilado;7
954;Estudiante;8
955;Ama de casa;9
956;Ex - Agente de la Adm. Publica;10
957;Trabajo Relac. Dependencia;11
958;Sin Actividad Economica;12
959;Agricultura Familiar;13
